serveur_id,cpu_pct,ram_pct,trafic_mbps,latence_ms,tentatives_intrusion,ports_exposes,vulnerabilites_ouvertes,jours_depuis_correctif,disponibilite_pct,temps_retablissement_min,sauvegardes_reussies_pct,segment_synthetique
SRV-001,72.44,64.04,368.22,52.28,13.92,7.04,7.31,25.29,98.02,57.2,90.68,peu_expose
SRV-002,54.02,65.94,322.24,53.96,37.91,14.98,11.74,40.93,99.06,30.82,99.62,expose
SRV-003,67.08,75.71,453.25,52.55,12.81,9.05,3.62,20.74,98.02,50.79,87.91,peu_expose
SRV-004,34.61,53.0,206.38,49.74,26.63,15.72,10.5,45.8,98.31,45.75,89.9,expose
SRV-005,49.54,43.05,220.25,48.24,17.5,13.02,5.28,32.0,98.69,54.8,94.09,peu_expose
SRV-006,81.27,83.84,484.73,73.96,37.42,13.0,12.99,45.29,98.52,35.72,93.51,expose
SRV-007,40.3,48.21,228.68,36.0,5.84,5.29,2.4,20.4,98.28,47.81,92.51,peu_expose
SRV-008,64.7,62.48,361.56,53.9,33.3,15.68,12.24,46.37,97.63,70.95,89.52,expose
SRV-009,78.6,85.79,446.41,54.96,19.8,9.9,6.15,29.67,97.19,55.38,86.65,peu_expose
SRV-010,78.21,66.99,341.94,61.26,30.36,14.52,8.82,27.09,98.21,38.06,91.96,intermediaire
SRV-011,71.77,75.99,435.91,63.26,23.24,10.16,7.75,41.12,98.06,40.84,92.2,intermediaire
SRV-012,46.15,47.5,213.61,36.12,15.95,9.73,9.28,31.62,98.79,37.46,91.28,intermediaire
SRV-013,60.97,62.11,284.28,50.58,31.94,10.55,10.4,39.98,97.87,60.88,88.36,intermediaire
SRV-014,66.24,57.48,288.26,58.19,31.3,14.71,13.17,46.04,98.64,40.86,92.47,expose
SRV-015,64.53,82.94,388.4,52.84,34.63,13.1,11.17,34.9,98.92,34.29,94.36,expose
SRV-016,41.22,43.62,251.06,39.33,21.99,15.83,8.68,35.13,98.59,30.71,90.27,intermediaire
SRV-017,39.51,41.65,199.33,33.78,28.7,8.41,7.72,26.57,98.63,41.82,91.75,peu_expose
SRV-018,81.27,87.22,454.49,51.89,28.86,10.85,10.63,37.42,98.37,33.36,96.38,intermediaire
SRV-019,74.94,68.25,442.15,55.57,7.4,8.35,4.4,12.93,99.6,23.6,100.0,peu_expose
SRV-020,59.08,69.89,320.06,46.06,17.25,8.13,9.65,30.17,98.22,59.78,89.82,peu_expose
SRV-021,24.51,28.47,121.34,36.04,18.78,8.08,7.78,42.65,98.32,42.94,90.89,intermediaire
SRV-022,53.73,62.25,303.94,47.94,29.79,12.31,7.08,24.1,98.84,24.93,94.74,intermediaire
SRV-023,74.04,86.22,428.54,59.99,23.32,12.54,6.51,35.31,98.98,25.11,93.56,intermediaire
SRV-024,74.85,76.59,439.24,60.17,12.72,8.74,7.16,16.97,98.76,31.14,97.89,peu_expose
SRV-025,34.53,54.19,252.17,39.64,25.1,14.14,10.36,32.45,98.91,35.87,96.0,intermediaire
SRV-026,61.27,48.28,277.16,42.55,15.7,7.8,11.75,27.89,98.15,31.14,93.37,intermediaire
SRV-027,60.0,56.51,298.2,47.95,15.46,12.4,10.59,34.12,98.28,55.11,88.3,intermediaire
SRV-028,57.64,55.99,360.44,50.95,44.08,17.78,14.98,49.44,98.05,38.59,91.0,expose
SRV-029,48.97,50.66,222.06,50.56,21.95,11.14,9.78,45.91,98.75,41.48,93.56,intermediaire
SRV-030,35.39,37.6,168.15,29.83,15.78,11.73,8.43,34.8,98.85,34.38,94.87,peu_expose
SRV-031,73.7,76.58,385.41,63.92,31.22,12.41,13.24,33.2,97.82,42.21,93.52,intermediaire
SRV-032,56.29,64.6,312.71,49.59,26.39,14.11,9.12,32.36,98.4,44.66,90.89,intermediaire
SRV-033,44.02,54.69,238.11,36.49,21.14,11.52,3.76,27.55,98.24,54.76,90.58,peu_expose
SRV-034,64.53,65.63,360.9,56.38,38.22,16.0,13.28,41.21,98.67,32.06,90.31,expose
SRV-035,43.25,41.55,106.29,46.1,33.01,14.96,10.95,38.18,99.14,40.49,100.0,expose
SRV-036,63.89,61.65,309.6,37.14,11.5,6.68,6.08,16.85,98.41,41.46,90.77,peu_expose
SRV-037,60.32,53.44,292.44,50.33,26.67,11.64,9.94,40.09,98.98,30.9,96.5,intermediaire
SRV-038,19.46,33.9,143.5,28.42,10.64,7.01,10.59,24.17,99.06,39.25,92.94,peu_expose
SRV-039,32.06,31.37,120.11,22.35,20.89,9.34,9.67,34.31,98.77,42.68,89.86,intermediaire
SRV-040,64.75,57.97,309.89,53.58,29.26,14.14,10.97,30.32,98.19,46.64,90.82,intermediaire
SRV-041,69.67,76.38,388.98,61.72,27.12,10.47,8.54,36.45,97.56,49.62,84.23,intermediaire
SRV-042,52.35,53.97,294.56,43.37,29.78,11.15,9.94,45.83,98.77,42.41,97.19,expose
SRV-043,81.14,76.24,479.07,72.06,28.88,17.76,6.56,49.39,98.03,35.49,93.88,intermediaire
SRV-044,62.16,65.45,310.55,48.77,16.42,9.94,8.73,15.72,98.26,47.28,87.02,peu_expose
SRV-045,68.45,72.73,401.97,53.28,19.7,8.76,8.17,24.16,97.52,63.14,84.12,peu_expose
SRV-046,36.55,40.47,261.17,47.09,32.77,8.29,8.54,35.8,98.4,42.8,92.61,intermediaire
SRV-047,45.81,51.59,194.42,27.65,15.08,3.06,2.37,25.19,98.89,37.31,93.52,peu_expose
SRV-048,58.43,66.19,367.99,49.93,14.69,10.07,6.21,29.07,98.66,31.98,94.95,peu_expose
SRV-049,90.08,84.34,501.53,61.11,29.39,13.62,11.8,21.8,97.62,55.57,88.22,intermediaire
SRV-050,82.55,72.07,397.95,54.5,24.44,15.62,9.69,39.32,98.38,46.85,95.26,intermediaire
SRV-051,91.18,91.44,491.07,70.82,26.02,14.22,13.3,54.14,97.77,52.32,90.32,expose
SRV-052,32.87,44.62,179.82,24.65,27.97,14.94,11.09,45.24,98.23,47.6,91.69,expose
SRV-053,51.47,70.48,413.73,58.36,29.29,13.48,13.01,40.88,98.41,59.88,86.59,expose
SRV-054,56.29,59.14,261.17,56.72,13.56,6.06,4.77,27.23,99.5,36.13,100.0,peu_expose
SRV-055,35.86,48.98,200.75,44.62,30.01,12.01,8.76,44.41,98.73,51.6,88.87,intermediaire
SRV-056,62.39,67.33,391.14,62.36,23.76,10.65,11.39,48.53,98.55,36.22,95.21,intermediaire
SRV-057,45.13,48.35,201.02,52.29,20.37,13.29,10.05,30.3,98.82,40.06,91.58,expose
SRV-058,75.1,76.42,468.59,61.48,23.27,8.66,6.59,36.89,97.89,42.2,88.97,peu_expose
SRV-059,20.1,37.92,125.75,27.59,18.32,10.73,7.18,39.21,99.32,40.52,96.44,peu_expose
SRV-060,44.85,50.11,204.44,39.02,29.96,10.52,12.68,43.85,98.16,47.81,91.36,expose
SRV-061,48.87,46.6,209.82,36.77,31.16,8.62,10.83,30.41,98.11,58.72,89.07,intermediaire
SRV-062,55.0,74.01,381.68,52.18,24.5,7.04,7.71,33.05,99.11,38.84,95.17,intermediaire
SRV-063,37.27,55.52,283.9,39.31,21.28,10.7,9.28,27.65,98.97,45.14,94.45,intermediaire
SRV-064,77.49,79.16,384.35,52.25,12.8,8.87,7.0,21.7,97.94,60.94,85.26,peu_expose
SRV-065,41.47,48.32,250.0,42.8,35.74,19.54,14.84,51.7,98.67,30.0,97.03,expose
SRV-066,14.04,24.28,168.62,33.82,31.74,13.43,12.54,45.08,99.89,22.9,97.96,expose
SRV-067,86.66,89.71,448.9,50.25,8.77,8.77,5.06,25.49,97.88,54.02,89.9,peu_expose
SRV-068,62.7,61.24,388.21,45.66,14.31,9.17,6.05,22.66,98.71,36.47,95.61,peu_expose
SRV-069,36.31,46.2,204.23,33.95,10.93,1.76,0.65,20.72,98.56,40.96,94.64,peu_expose
SRV-070,71.41,90.21,378.91,49.0,24.43,11.05,6.12,34.63,98.95,36.41,96.43,intermediaire
SRV-071,28.71,32.84,185.4,28.18,3.38,3.67,6.41,24.36,99.61,20.43,97.0,peu_expose
SRV-072,75.83,66.03,391.74,43.77,19.67,9.99,7.3,35.54,98.49,37.3,96.56,intermediaire
SRV-073,97.75,87.45,558.09,74.79,11.59,4.64,3.08,16.81,98.1,41.48,91.14,peu_expose
SRV-074,87.27,69.48,461.37,55.19,50.18,19.54,15.45,61.01,97.9,57.1,92.22,expose
SRV-075,40.27,57.22,231.27,46.88,23.7,12.8,11.04,40.04,98.12,41.89,86.91,intermediaire
SRV-076,74.98,73.79,307.51,64.31,29.39,16.39,11.2,45.87,97.96,41.06,91.12,expose
SRV-077,54.21,63.44,403.38,55.69,34.49,19.97,15.41,51.24,97.94,59.38,87.5,expose
SRV-078,37.89,46.9,153.07,38.58,28.32,13.67,9.93,53.02,99.81,29.19,97.83,intermediaire
SRV-079,71.23,72.84,377.99,69.19,29.94,16.63,13.2,49.83,97.98,58.37,88.53,expose
SRV-080,72.16,60.89,370.36,53.2,27.48,14.08,7.6,40.3,98.95,43.08,92.79,intermediaire
SRV-081,49.33,64.51,347.72,52.47,19.03,10.82,8.0,29.95,97.77,62.77,86.36,intermediaire
SRV-082,88.77,81.96,429.1,66.26,25.17,9.16,7.7,35.02,97.19,75.53,84.52,intermediaire
SRV-083,77.74,71.78,442.87,70.1,27.73,9.89,8.78,34.39,98.54,23.35,97.79,intermediaire
SRV-084,40.99,57.86,174.18,39.0,40.86,17.21,17.31,60.56,98.03,56.94,89.65,expose
SRV-085,43.04,47.91,167.99,35.61,27.67,8.84,11.68,29.57,99.3,31.54,96.94,intermediaire
SRV-086,25.88,31.75,113.49,36.13,40.94,15.65,15.64,55.22,98.45,51.26,83.43,expose
SRV-087,67.65,80.85,435.64,49.84,12.66,8.75,5.46,15.94,98.41,38.41,91.39,peu_expose
SRV-088,55.3,68.68,376.52,43.65,29.2,5.94,6.6,41.2,98.03,44.69,87.64,intermediaire
SRV-089,69.79,78.89,396.47,54.53,24.27,9.28,12.9,32.33,98.18,47.96,92.48,intermediaire
SRV-090,36.76,38.81,240.75,42.21,37.68,16.31,14.62,46.06,97.8,60.53,86.13,expose
SRV-091,65.5,69.52,309.05,58.27,38.38,17.73,11.61,44.72,97.59,64.21,87.64,expose
SRV-092,12.58,22.4,58.66,30.28,22.26,11.26,10.35,30.93,99.22,43.45,93.53,intermediaire
SRV-093,42.78,45.08,260.85,36.13,18.48,6.23,5.77,21.81,99.08,28.66,98.59,peu_expose
SRV-094,44.23,61.59,347.22,52.11,30.92,16.11,12.39,49.97,98.0,40.57,89.76,expose
SRV-095,37.42,49.96,207.3,32.23,24.0,12.74,7.62,45.31,99.12,32.84,92.15,expose
SRV-096,47.43,52.59,319.99,45.14,20.0,12.26,9.95,30.53,99.92,9.43,100.0,intermediaire
SRV-097,33.57,33.11,113.71,32.99,19.99,9.95,6.79,38.7,98.18,30.42,89.73,peu_expose
SRV-098,51.96,59.53,303.06,52.57,40.76,18.71,15.83,47.21,98.13,60.41,95.16,expose
SRV-099,50.21,51.87,205.61,33.46,1.12,5.69,1.93,1.77,99.07,36.03,95.07,peu_expose
SRV-100,37.81,51.48,286.77,36.82,26.3,13.47,6.42,31.65,98.58,46.38,92.23,intermediaire
SRV-101,57.37,57.02,358.02,45.36,23.03,11.34,9.84,43.06,98.3,57.36,85.63,intermediaire
SRV-102,62.0,68.84,337.89,54.68,29.71,16.36,16.04,50.68,97.29,77.7,84.86,expose
SRV-103,54.13,59.88,392.46,59.07,3.45,9.98,5.34,18.85,97.79,49.27,89.9,peu_expose
SRV-104,71.04,74.29,430.95,50.71,33.44,19.95,11.86,46.9,99.48,28.24,100.0,expose
SRV-105,48.35,58.5,342.88,56.96,35.68,18.82,8.98,43.52,97.79,59.93,80.2,expose
SRV-106,35.68,45.26,236.17,41.56,40.83,12.91,11.05,49.44,99.03,35.97,96.13,expose
SRV-107,44.83,42.74,317.35,37.65,29.71,10.01,9.78,41.6,98.58,41.26,95.96,intermediaire
SRV-108,84.02,74.74,464.18,60.33,28.32,9.46,8.24,30.25,98.82,42.19,96.9,intermediaire
SRV-109,48.42,41.81,173.21,30.84,20.03,12.89,6.99,43.95,99.25,28.28,96.27,intermediaire
SRV-110,57.97,45.89,313.68,34.47,0.0,1.35,2.5,4.58,97.71,60.59,90.6,peu_expose
SRV-111,27.28,34.59,88.23,22.54,25.02,9.69,10.72,37.97,99.26,32.77,97.8,intermediaire
SRV-112,72.04,79.86,445.41,54.18,7.18,10.71,5.35,21.04,97.93,61.56,89.17,peu_expose
SRV-113,69.53,77.24,438.31,55.26,29.91,14.38,10.55,47.42,98.48,29.51,89.66,intermediaire
SRV-114,51.13,68.52,311.6,45.43,13.89,7.39,2.63,26.16,98.54,40.58,96.13,peu_expose
SRV-115,35.9,39.24,257.56,36.99,15.83,14.87,12.88,38.71,98.93,46.76,92.74,intermediaire
SRV-116,63.03,60.17,298.94,45.9,24.81,10.34,7.69,42.4,98.47,46.93,92.92,intermediaire
SRV-117,73.02,79.68,392.04,66.65,49.75,17.25,18.38,63.99,97.47,54.87,87.28,expose
SRV-118,99.0,88.65,548.3,68.42,25.93,11.19,10.33,36.7,97.35,29.82,92.14,intermediaire
SRV-119,46.05,56.19,254.47,36.41,21.96,7.83,5.79,23.78,99.66,25.58,95.02,peu_expose
SRV-120,92.21,74.86,431.79,63.59,16.06,8.58,6.27,23.67,98.62,40.31,97.42,intermediaire
SRV-121,52.34,60.5,373.97,49.66,38.72,13.54,11.75,45.88,97.48,71.17,83.07,expose
SRV-122,46.92,50.47,200.24,44.71,28.77,14.92,10.47,37.67,98.12,42.21,89.0,intermediaire
SRV-123,48.35,45.93,249.11,54.48,33.4,13.75,9.18,38.16,98.98,41.1,98.17,expose
SRV-124,66.06,71.73,416.5,63.97,39.78,16.01,14.56,49.6,98.13,32.29,97.48,expose
SRV-125,63.29,69.93,350.56,49.83,36.53,13.9,9.45,36.35,98.98,25.56,100.0,intermediaire
SRV-126,40.91,51.57,244.08,40.44,26.1,13.99,12.22,50.48,98.05,52.96,87.31,intermediaire
SRV-127,79.8,66.52,432.41,62.29,13.43,7.68,7.53,24.78,97.9,38.79,91.52,peu_expose
SRV-128,67.34,81.8,380.98,54.36,36.46,16.25,11.76,39.8,98.47,37.57,95.55,expose
SRV-129,34.56,45.0,211.68,29.1,4.81,3.25,2.14,5.94,99.07,34.43,98.21,peu_expose
SRV-130,59.41,47.35,365.86,44.28,24.78,12.56,11.05,29.01,97.92,51.17,90.93,intermediaire
SRV-131,83.32,77.91,415.28,76.35,17.24,10.54,1.76,28.25,97.98,40.7,90.31,peu_expose
SRV-132,44.03,51.15,279.28,36.51,29.98,13.56,8.74,42.06,99.34,31.61,96.71,intermediaire
SRV-133,68.0,70.6,380.21,57.68,36.82,19.37,18.02,49.58,97.69,55.93,86.9,expose
SRV-134,30.52,39.69,165.24,29.87,11.75,9.07,8.5,36.09,98.93,47.74,95.15,peu_expose
SRV-135,31.51,41.85,185.39,36.06,23.86,13.14,10.85,37.04,99.04,36.85,94.96,intermediaire
SRV-136,35.81,41.23,224.75,38.25,35.73,16.0,12.86,40.14,98.42,31.56,94.86,expose
SRV-137,83.99,79.38,498.59,68.94,40.25,17.92,13.53,49.16,98.09,40.6,94.61,expose
SRV-138,77.86,77.45,478.88,61.42,32.35,14.6,12.18,44.73,98.6,31.24,98.67,expose
SRV-139,63.54,70.67,247.35,41.71,29.45,12.43,13.03,43.91,97.97,49.33,87.5,intermediaire
SRV-140,92.38,89.37,473.68,63.05,36.04,21.16,9.09,57.4,97.81,52.41,91.48,expose
SRV-141,56.32,48.1,249.24,45.89,33.15,15.5,13.46,49.49,98.18,41.16,90.28,expose
SRV-142,66.16,73.21,357.93,50.57,16.16,13.99,5.06,34.65,97.94,48.77,91.88,intermediaire
SRV-143,33.67,47.76,203.43,32.01,13.95,8.38,4.9,16.94,97.75,58.22,84.28,peu_expose
SRV-144,41.12,57.48,322.69,49.88,8.79,7.33,4.16,17.78,98.61,43.64,88.29,peu_expose
SRV-145,34.72,36.76,168.94,28.02,4.15,5.04,1.38,11.2,99.98,20.73,98.25,peu_expose
SRV-146,51.5,61.16,260.4,40.78,30.65,12.09,11.93,49.67,97.73,61.22,88.31,intermediaire
SRV-147,46.84,45.21,239.98,40.82,19.22,10.11,6.23,38.1,98.23,48.29,92.36,peu_expose
SRV-148,61.14,65.58,404.42,45.33,8.94,10.48,6.74,17.88,98.6,27.96,94.98,peu_expose
SRV-149,50.72,64.22,328.46,48.12,19.38,16.42,8.88,31.24,98.63,37.13,97.08,intermediaire
SRV-150,17.57,24.54,90.57,20.74,9.8,3.02,5.57,21.17,97.97,54.51,83.08,peu_expose
SRV-151,76.92,63.57,317.28,43.3,25.25,14.72,11.36,30.73,99.01,35.9,100.0,intermediaire
SRV-152,52.04,61.34,305.09,35.54,0.0,3.97,0.0,14.91,98.81,42.53,89.68,peu_expose
SRV-153,52.98,63.4,374.36,33.21,2.01,0.0,1.35,8.97,98.23,49.13,89.78,peu_expose
SRV-154,57.65,68.59,362.71,52.84,28.36,14.95,13.89,56.03,97.54,53.2,89.11,expose
SRV-155,74.11,71.62,384.19,58.69,29.2,17.29,10.18,46.54,97.68,59.45,90.32,intermediaire
SRV-156,56.12,62.37,301.69,46.77,22.87,7.76,8.32,20.88,98.57,44.58,92.59,peu_expose
SRV-157,49.83,49.93,255.03,44.82,23.88,9.99,9.3,21.51,99.28,36.95,95.83,intermediaire
SRV-158,45.96,44.45,212.83,45.37,17.36,15.57,6.8,32.03,99.17,23.45,95.52,intermediaire
SRV-159,42.36,48.33,222.53,40.57,13.89,8.3,1.97,30.13,98.82,39.65,93.39,peu_expose
SRV-160,78.89,83.92,426.63,55.95,25.69,11.52,10.48,37.74,97.65,52.6,87.0,intermediaire
